<?xml version="1.0" encoding="UTF-8"?>
<modification>
  <name><![CDATA[Redirect to the same page after login]]></name>
  <code>reds-redirect-same-page-after-login</code>
  <version>1.0</version>
  <author><![CDATA[REDS]]></author>
  <link>https://www.agenciaprai.com/</link>
	
  <file path="catalog/controller/account/login.php">
		<operation>
			<search><![CDATA[
				if ($this->customer->isLogged()) {
			]]></search>
			<add position="replace" offset="2"><![CDATA[
			if ($this->customer->isLogged()) {	
				if (isset($_SERVER['HTTP_REFERER'])) {
					$this->redirect($_SERVER['HTTP_REFERER']);
				} else {
					$this->response->redirect($this->url->link('account/account', '', true));
				}
			}
			]]></add>
		</operation>
	</file>
</modification>